{"cameraMode":{"drawMode":0,"name":"Shaded","section":"Shading Mode"},"sceneLighting":true,"audioPlay":false,"sceneViewState":{"showFog":true,"showMaterialUpdate":false,"showSkybox":true,"showFlares":true,"showImageEffects":true,"showParticleSystems":true},"in2DMode":false,"pivot":{"x":15.498218536376954,"y":-0.9121465682983398,"z":-3.415128707885742},"rotation":{"x":-0.21313555538654328,"y":0.015238013118505478,"z":-0.003324654186144471,"w":-0.9768981337547302},"size":23.865093231201173,"orthographic":false}