{"cameraMode":{"drawMode":0,"name":"Shaded","section":"Shading Mode"},"sceneLighting":true,"audioPlay":false,"sceneViewState":{"showFog":true,"showMaterialUpdate":false,"showSkybox":true,"showFlares":true,"showImageEffects":true,"showParticleSystems":true},"in2DMode":false,"pivot":{"x":38.802650451660159,"y":3.840639114379883,"z":10.283226013183594},"rotation":{"x":-0.08418059349060059,"y":-0.026305947452783586,"z":0.002223103540018201,"w":-0.9961007237434387},"size":63.77641296386719,"orthographic":false}