{"cameraMode":{"drawMode":0,"name":"Shaded","section":"Shading Mode"},"sceneLighting":false,"audioPlay":false,"sceneViewState":{"showFog":true,"showMaterialUpdate":false,"showSkybox":true,"showFlares":true,"showImageEffects":true,"showParticleSystems":true},"in2DMode":false,"pivot":{"x":232.4694061279297,"y":7.297420978546143,"z":-1.2819266319274903},"rotation":{"x":-0.055772777646780017,"y":-0.016776209697127343,"z":0.0009373638895340264,"w":-0.9983025193214417},"size":53.724117279052737,"orthographic":false}