{"cameraMode":{"drawMode":0,"name":"Shaded","section":"Shading Mode"},"sceneLighting":false,"audioPlay":false,"sceneViewState":{"showFog":true,"showMaterialUpdate":false,"showSkybox":false,"showFlares":true,"showImageEffects":true,"showParticleSystems":true},"in2DMode":false,"pivot":{"x":4.0,"y":1.5621728897094727,"z":-0.02707052230834961},"rotation":{"x":-0.055772777646780017,"y":-0.016776209697127343,"z":0.0009373638895340264,"w":-0.9983025193214417},"size":6.213047504425049,"orthographic":false}