{"cameraMode":{"drawMode":0,"name":"Shaded","section":"Shading Mode"},"sceneLighting":false,"audioPlay":false,"sceneViewState":{"showFog":true,"showMaterialUpdate":false,"showSkybox":false,"showFlares":true,"showImageEffects":true,"showParticleSystems":true},"in2DMode":false,"pivot":{"x":-0.3388035297393799,"y":0.0,"z":0.003169536590576172},"rotation":{"x":0.11434919387102127,"y":-0.0023823457304388286,"z":0.000273608835414052,"w":0.9934414625167847},"size":6.457061767578125,"orthographic":false}