{"cameraMode":{"drawMode":0,"name":"Shaded","section":"Shading Mode"},"sceneLighting":false,"audioPlay":false,"sceneViewState":{"showFog":true,"showMaterialUpdate":false,"showSkybox":true,"showFlares":true,"showImageEffects":true,"showParticleSystems":true},"in2DMode":false,"pivot":{"x":106.40279388427735,"y":4.811463356018066,"z":2.677191734313965},"rotation":{"x":-0.055772777646780017,"y":-0.016776209697127343,"z":0.0009373638895340264,"w":-0.9983025193214417},"size":69.96277618408203,"orthographic":false}