{"cameraMode":{"drawMode":0,"name":"Shaded","section":"Shading Mode"},"sceneLighting":false,"audioPlay":false,"sceneViewState":{"showFog":false,"showMaterialUpdate":false,"showSkybox":false,"showFlares":false,"showImageEffects":false,"showParticleSystems":false},"in2DMode":false,"pivot":{"x":447.466064453125,"y":363.0426025390625,"z":-43.13189697265625},"rotation":{"x":-0.08071490377187729,"y":0.11099804192781449,"z":-0.009045129641890526,"w":-0.9904969930648804},"size":757.5406494140625,"orthographic":false}