{"cameraMode":{"drawMode":0,"name":"Shaded","section":"Shading Mode"},"sceneLighting":true,"audioPlay":false,"sceneViewState":{"showFog":false,"showMaterialUpdate":false,"showSkybox":false,"showFlares":false,"showImageEffects":false,"showParticleSystems":false},"in2DMode":false,"pivot":{"x":40.26445770263672,"y":1.6808395385742188,"z":11.849751472473145},"rotation":{"x":-0.006306730210781097,"y":0.03059171885251999,"z":-0.00019266956951469183,"w":-0.9995152950286865},"size":22.65460205078125,"orthographic":false}