{"cameraMode":{"drawMode":0,"name":"Shaded","section":"Shading Mode"},"sceneLighting":false,"audioPlay":false,"sceneViewState":{"showFog":true,"showMaterialUpdate":false,"showSkybox":true,"showFlares":true,"showImageEffects":true,"showParticleSystems":true},"in2DMode":false,"pivot":{"x":0.2052995264530182,"y":0.61573326587677,"z":-0.054514169692993167},"rotation":{"x":-0.004160518757998943,"y":0.11853203177452088,"z":0.0004973694449290633,"w":0.99295574426651},"size":2.153313159942627,"orthographic":false}