{"cameraMode":{"drawMode":0,"name":"Shaded","section":"Shading Mode"},"sceneLighting":false,"audioPlay":false,"sceneViewState":{"showFog":true,"showMaterialUpdate":true,"showSkybox":false,"showFlares":true,"showImageEffects":true,"showParticleSystems":true},"in2DMode":false,"pivot":{"x":1.325238585472107,"y":0.4249306321144104,"z":0.6914362907409668},"rotation":{"x":0.05090785026550293,"y":0.05240790545940399,"z":-0.0026751088444143535,"w":0.9973271489143372},"size":6.92329216003418,"orthographic":false}