{"cameraMode":{"drawMode":0,"name":"Shaded","section":"Shading Mode"},"sceneLighting":false,"audioPlay":false,"sceneViewState":{"showFog":true,"showMaterialUpdate":false,"showSkybox":true,"showFlares":true,"showImageEffects":true,"showParticleSystems":true},"in2DMode":false,"pivot":{"x":-0.13817572593688966,"y":0.8195423483848572,"z":0.1039419174194336},"rotation":{"x":0.03322426229715347,"y":0.06921758502721787,"z":-0.0023060475941747429,"w":0.9970587491989136},"size":9.199197769165039,"orthographic":false}