{"cameraMode":{"drawMode":0,"name":"Shaded","section":"Shading Mode"},"sceneLighting":false,"audioPlay":false,"sceneViewState":{"showFog":true,"showMaterialUpdate":true,"showSkybox":false,"showFlares":true,"showImageEffects":true,"showParticleSystems":true},"in2DMode":false,"pivot":{"x":-0.00013267993927001953,"y":0.160262331366539,"z":0.005639970302581787},"rotation":{"x":0.08238855749368668,"y":0.02092723548412323,"z":-0.0017304520588368178,"w":0.9963822960853577},"size":2.625746726989746,"orthographic":false}