{"cameraMode":{"drawMode":0,"name":"Shaded","section":"Shading Mode"},"sceneLighting":false,"audioPlay":false,"sceneViewState":{"showFog":false,"showMaterialUpdate":false,"showSkybox":false,"showFlares":false,"showImageEffects":false,"showParticleSystems":false},"in2DMode":false,"pivot":{"x":0.5822835564613342,"y":0.83545982837677,"z":-1.8411049842834473},"rotation":{"x":-0.11100256443023682,"y":0.16526353359222413,"z":-0.018722767010331155,"w":-0.9798039197921753},"size":13.881831169128418,"orthographic":false}