{"cameraMode":{"drawMode":0,"name":"Shaded","section":"Shading Mode"},"sceneLighting":true,"audioPlay":false,"sceneViewState":{"showFog":false,"showMaterialUpdate":false,"showSkybox":false,"showFlares":false,"showImageEffects":false,"showParticleSystems":false},"in2DMode":false,"pivot":{"x":12.065135955810547,"y":4.670324802398682,"z":-0.7515166997909546},"rotation":{"x":-0.09754540771245957,"y":0.04685482382774353,"z":-0.004597482271492481,"w":-0.9941169619560242},"size":18.363285064697267,"orthographic":false}