{"cameraMode":{"drawMode":0,"name":"Shaded","section":"Shading Mode"},"sceneLighting":false,"audioPlay":false,"sceneViewState":{"showFog":false,"showMaterialUpdate":false,"showSkybox":false,"showFlares":false,"showImageEffects":false,"showParticleSystems":false},"in2DMode":false,"pivot":{"x":-0.7145491242408752,"y":-0.9759252667427063,"z":-0.26177549362182619},"rotation":{"x":-0.09754540771245957,"y":0.04685482382774353,"z":-0.004597482271492481,"w":-0.9941169619560242},"size":5.7157673835754398,"orthographic":false}