{"cameraMode":{"drawMode":0,"name":"Shaded","section":"Shading Mode"},"sceneLighting":false,"audioPlay":false,"sceneViewState":{"showFog":true,"showMaterialUpdate":true,"showSkybox":false,"showFlares":true,"showImageEffects":true,"showParticleSystems":true},"in2DMode":false,"pivot":{"x":3.5155835151672365,"y":2.1886448860168459,"z":0.09771013259887696},"rotation":{"x":0.08238855749368668,"y":0.02092723548412323,"z":-0.0017304520588368178,"w":0.9963822960853577},"size":6.180136203765869,"orthographic":false}