{"cameraMode":{"drawMode":0,"name":"Shaded","section":"Shading Mode"},"sceneLighting":false,"audioPlay":false,"sceneViewState":{"showFog":true,"showMaterialUpdate":false,"showSkybox":true,"showFlares":true,"showImageEffects":true,"showParticleSystems":true},"in2DMode":false,"pivot":{"x":-0.3509170413017273,"y":1.2031726837158204,"z":0.07461810111999512},"rotation":{"x":-0.004160518757998943,"y":0.11853203177452088,"z":0.0004973694449290633,"w":0.99295574426651},"size":3.584198236465454,"orthographic":false}