{"cameraMode":{"drawMode":0,"name":"Shaded","section":"Shading Mode"},"sceneLighting":false,"audioPlay":false,"sceneViewState":{"showFog":false,"showMaterialUpdate":false,"showSkybox":false,"showFlares":false,"showImageEffects":false,"showParticleSystems":false},"in2DMode":false,"pivot":{"x":0.04206657409667969,"y":-2.0579817295074465,"z":-0.07232856750488281},"rotation":{"x":-0.11100256443023682,"y":0.16526353359222413,"z":-0.018722767010331155,"w":-0.9798039197921753},"size":52.78428268432617,"orthographic":false}