{"cameraMode":{"drawMode":0,"name":"Shaded","section":"Shading Mode"},"sceneLighting":false,"audioPlay":false,"sceneViewState":{"showFog":true,"showMaterialUpdate":false,"showSkybox":true,"showFlares":true,"showImageEffects":true,"showParticleSystems":true},"in2DMode":false,"pivot":{"x":0.2378072738647461,"y":0.49487271904945376,"z":2.2116756439208986},"rotation":{"x":-0.007030059117823839,"y":-0.20962001383304597,"z":-0.0015084251062944532,"w":0.9777673482894898},"size":8.011884689331055,"orthographic":false}