{"cameraMode":{"drawMode":0,"name":"Shaded","section":"Shading Mode"},"sceneLighting":false,"audioPlay":false,"sceneViewState":{"showFog":true,"showMaterialUpdate":false,"showSkybox":true,"showFlares":true,"showImageEffects":true,"showParticleSystems":true},"in2DMode":false,"pivot":{"x":2.682981014251709,"y":1.3718382120132447,"z":-0.4126777648925781},"rotation":{"x":0.03322426229715347,"y":0.06921758502721787,"z":-0.0023060475941747429,"w":0.9970587491989136},"size":14.540839195251465,"orthographic":false}