{"cameraMode":{"drawMode":0,"name":"Shaded","section":"Shading Mode"},"sceneLighting":false,"audioPlay":false,"sceneViewState":{"showFog":true,"showMaterialUpdate":false,"showSkybox":true,"showFlares":true,"showImageEffects":true,"showParticleSystems":true},"in2DMode":false,"pivot":{"x":5.179999828338623,"y":4.960000038146973,"z":0.0},"rotation":{"x":0.033177364617586139,"y":0.9158525466918945,"z":-0.07739987969398499,"w":0.3926103413105011},"size":10.171283721923829,"orthographic":false}