{"cameraMode":{"drawMode":0,"name":"Shaded","section":"Shading Mode"},"sceneLighting":false,"audioPlay":false,"sceneViewState":{"showFog":true,"showMaterialUpdate":false,"showSkybox":true,"showFlares":true,"showImageEffects":true,"showParticleSystems":true},"in2DMode":false,"pivot":{"x":-0.07992782443761826,"y":1.7969132661819459,"z":0.15745586156845094},"rotation":{"x":0.03322426229715347,"y":0.06921758502721787,"z":-0.0023060475941747429,"w":0.9970587491989136},"size":7.120853900909424,"orthographic":false}