{"cameraMode":{"drawMode":0,"name":"Shaded","section":"Shading Mode"},"sceneLighting":false,"audioPlay":false,"sceneViewState":{"showFog":true,"showMaterialUpdate":true,"showSkybox":false,"showFlares":true,"showImageEffects":true,"showParticleSystems":true},"in2DMode":false,"pivot":{"x":0.1589958369731903,"y":-0.30524781346321108,"z":-0.05742835998535156},"rotation":{"x":0.08238855749368668,"y":0.02092723548412323,"z":-0.0017304520588368178,"w":0.9963822960853577},"size":2.479526996612549,"orthographic":false}