{"cameraMode":{"drawMode":0,"name":"Shaded","section":"Shading Mode"},"sceneLighting":false,"audioPlay":false,"sceneViewState":{"showFog":true,"showMaterialUpdate":false,"showSkybox":true,"showFlares":true,"showImageEffects":true,"showParticleSystems":true},"in2DMode":false,"pivot":{"x":1.6435649394989014,"y":0.11070561408996582,"z":1.6990418434143067},"rotation":{"x":0.033177364617586139,"y":0.9158525466918945,"z":-0.07739987969398499,"w":0.3926103413105011},"size":5.977415084838867,"orthographic":false}