{"cameraMode":{"drawMode":0,"name":"Shaded","section":"Shading Mode"},"sceneLighting":false,"audioPlay":false,"sceneViewState":{"showFog":true,"showMaterialUpdate":false,"showSkybox":true,"showFlares":true,"showImageEffects":true,"showParticleSystems":true},"in2DMode":false,"pivot":{"x":0.23124080896377564,"y":0.3178558647632599,"z":-0.5468058586120606},"rotation":{"x":-0.004160518757998943,"y":0.11853203177452088,"z":0.0004973694449290633,"w":0.99295574426651},"size":2.4052677154541017,"orthographic":false}