{"cameraMode":{"drawMode":0,"name":"Shaded","section":"Shading Mode"},"sceneLighting":true,"audioPlay":false,"sceneViewState":{"showFog":true,"showMaterialUpdate":false,"showSkybox":true,"showFlares":true,"showImageEffects":true,"showParticleSystems":true},"in2DMode":false,"pivot":{"x":420.643798828125,"y":174.259765625,"z":409.31427001953127},"rotation":{"x":-0.16403022408485413,"y":0.07892071455717087,"z":-0.013166548684239388,"w":-0.9832056164741516},"size":1302.0062255859375,"orthographic":false}